https://vinatis.com/53409-viognier-2020-bela-bela;
https://vinatis.com/59413-le-bal-des-papillons-2022-domaine-horgelus;
https://vinatis.com/65066-pinot-gris-2022-sophie-schaal;
https://vinatis.com/53409-viognier-2020-bela-bela;
https://vinatis.com/59413-le-bal-des-papillons-2022-domaine-horgelus;
https://vinatis.com/65066-pinot-gris-2022-sophie-schaal;
https://vinatis.com/53409-viognier-2020-bela-bela;
https://vinatis.com/60960-reserve-blanc-2022-perrin-et-fils;
https://vinatis.com/58264-pouilly-fume-2022-domaine-les-chaumes;
https://vinatis.com/59413-le-bal-des-papillons-2022-domaine-horgelus;
https://vinatis.com/59228-colombard-sauvignon-blanc-n3-2022-domaine-uby;
https://vinatis.com/63529-morillon-blanc-2022-by-jeff-carrel;
https://vinatis.com/60226-premieres-grives-2022-domaine-tariquet;
https://vinatis.com/59900-viognier-2022-les-jamelles;
https://vinatis.com/62135-grand-ardeche-2021-louis-latour;
https://vinatis.com/59231-gros-et-petit-manseng-doux-n4-2022-domaine-uby;
https://vinatis.com/60659-viognier-2022-flores;
https://vinatis.com/60960-reserve-blanc-2022-perrin-et-fils;
https://vinatis.com/58264-pouilly-fume-2022-domaine-les-chaumes;
https://vinatis.com/59413-le-bal-des-papillons-2022-domaine-horgelus;
https://vinatis.com/59228-colombard-sauvignon-blanc-n3-2022-domaine-uby;
https://vinatis.com/62418-grande-reserve-chardonnay-2022-maison-castel;
https://vinatis.com/59868-berne-inspiration-blanc-2021;
https://vinatis.com/33684-clairette-de-die-tradition-cuvee-la-colombe-domaine-des-muttes;
https://vinatis.com/59504-l-artisan-le-chardonnay-2022-domaines-paul-mas;
https://vinatis.com/63529-morillon-blanc-2022-by-jeff-carrel;
https://vinatis.com/59413-le-bal-des-papillons-2022-domaine-horgelus;
https://vinatis.com/51708-chardonnay-2021-chateau-auzias;
https://vinatis.com/61776-pas-vu-pas-pris-2022-by-jeff-carrel;
https://vinatis.com/58264-pouilly-fume-2022-domaine-les-chaumes;
https://vinatis.com/61777-villa-des-anges-chardonnay-2022-jeff-carrel;
https://vinatis.com/63357-vouvray-demi-sec-reserve-2021-barton-guestier;
https://vinatis.com/60659-viognier-2022-flores;
https://vinatis.com/59900-viognier-2022-les-jamelles;
https://vinatis.com/59228-colombard-sauvignon-blanc-n3-2022-domaine-uby;
https://vinatis.com/62135-grand-ardeche-2021-louis-latour;
https://vinatis.com/49840-haut-marin-n6-les-fossiles-2020;
https://vinatis.com/54293-sauvignon-blanc-2021-klein-constantia;
https://vinatis.com/56630-gros-manseng-sauvignon-2022-domaine-horgelus;
https://vinatis.com/57808-prosecco-treviso-millesimato-extra-dry-2022-ville-d-arfanta;
https://vinatis.com/57909-viognier-cuvee-secrete-2022-sans-sulfites-domaines-paul-mas;
https://vinatis.com/59633-l-ete-gascon-blanc-2022-domaine-pellehaut;
https://vinatis.com/60960-reserve-blanc-2022-perrin-et-fils;
https://vinatis.com/60479-domaine-laffitte-gros-manseng-petit-manseng-2022;
https://vinatis.com/62085-saint-veran-grand-buissiere-2020-parcelles-cie-vignerons-des-terres-secretes;
https://vinatis.com/62990-villa-des-anges-sauvignon-blanc-2022-jeff-carrel;
https://vinatis.com/58128-harmonie-de-gascogne-blanc-2022-domaine-pellehaut;
https://vinatis.com/62214-bourgogne-chardonnay-sieur-aubry-2022-domaine-du-mont-verrier;
https://vinatis.com/60218-classic-2022-domaine-tariquet;
https://vinatis.com/60305-inzolia-2022-nativo;
https://vinatis.com/60050-chardonnay-les-grains-2022-marrenon;
https://vinatis.com/53409-viognier-2020-bela-bela;
https://vinatis.com/59413-le-bal-des-papillons-2022-domaine-horgelus;
https://vinatis.com/65066-pinot-gris-2022-sophie-schaal;
https://vinatis.com/53409-viognier-2020-bela-bela;
https://vinatis.com/59413-le-bal-des-papillons-2022-domaine-horgelus;
https://vinatis.com/65066-pinot-gris-2022-sophie-schaal;
https://vinatis.com/53409-viognier-2020-bela-bela;
https://vinatis.com/60960-reserve-blanc-2022-perrin-et-fils;
https://vinatis.com/58264-pouilly-fume-2022-domaine-les-chaumes;
https://vinatis.com/59413-le-bal-des-papillons-2022-domaine-horgelus;
https://vinatis.com/59228-colombard-sauvignon-blanc-n3-2022-domaine-uby;
https://vinatis.com/63529-morillon-blanc-2022-by-jeff-carrel;
https://vinatis.com/60226-premieres-grives-2022-domaine-tariquet;
https://vinatis.com/59900-viognier-2022-les-jamelles;
https://vinatis.com/62135-grand-ardeche-2021-louis-latour;
https://vinatis.com/59231-gros-et-petit-manseng-doux-n4-2022-domaine-uby;
https://vinatis.com/60659-viognier-2022-flores;
https://vinatis.com/60960-reserve-blanc-2022-perrin-et-fils;
https://vinatis.com/58264-pouilly-fume-2022-domaine-les-chaumes;
https://vinatis.com/59413-le-bal-des-papillons-2022-domaine-horgelus;
https://vinatis.com/59228-colombard-sauvignon-blanc-n3-2022-domaine-uby;
https://vinatis.com/58578-cotes-du-rhone-blanc-2022-xavier-vignon;
https://vinatis.com/60333-cuvee-secrete-2022-chardonnay-sans-sulfite-jean-claude-mas-domaines-paul-mas;
https://vinatis.com/60805-chardonnay-2022-les-jamelles;
https://vinatis.com/58090-ultime-recolte-2022-by-jeff-carrel;
https://vinatis.com/59380-clos-du-pressoir-2022-joseph-mellot;
https://vinatis.com/55888-gewurztraminer-grand-cru-praelatenberg-2018-domaine-allimant-laugner;
https://vinatis.com/58923-chardonnay-2021-bread-and-butter;
https://vinatis.com/62048-garnacha-blanca-2021-vina-zorzal;
https://vinatis.com/62309-chateau-thieuley-blanc-2022;
https://vinatis.com/62611-pinot-blanc-reserve-particuliere-2022-henri-ehrhart;
https://vinatis.com/59558-donkey-vinho-verde-2022-tussock-jumper;
https://vinatis.com/59673-blanc-des-demoiselles-2022-cellier-des-demoiselles;
https://vinatis.com/59899-reserve-blanc-2022-chateau-lamothe-vincent;
https://vinatis.com/61926-muscadet-sevre-et-maine-2020-bio-clos-des-orfeuilles;
https://vinatis.com/60635-les-barricailleurs-blanc-2021;
https://vinatis.com/53297-wolf-pinot-grigio-2021-tussock-jumper;
https://vinatis.com/57773-jardin-des-charmes-sauvignon-2022-alma-cersius;
https://vinatis.com/58036-destinea-2022-joseph-mellot;
https://vinatis.com/59460-apremont-2021-perle-des-dames-domaine-jean-francois-marechal;
https://vinatis.com/60420-le-triporteur-blanc-2022;
https://vinatis.com/61998-verdejo-2022-dominio-de-la-granadilla;
https://vinatis.com/58655-petit-chablis-2022-closerie-des-alisiers;
https://vinatis.com/59393-muscadet-sevre-et-maine-les-ecotais-2020-loire-proprietes;
https://vinatis.com/59827-guilhem-blanc-bio-2022-moulin-de-gassac;
https://vinatis.com/55242-sheep-sauvignon-blanc-2022-tussock-jumper;
https://vinatis.com/16464-prosecco-extra-dry-i-fossili-2022-cantina-colli-euganei;
https://vinatis.com/64504-chateau-grand-jean-entre-deux-mers-2022;
https://vinatis.com/58725-parallele-45-blanc-2022-maison-paul-jaboulet-aine;
https://vinatis.com/55348-il-vino-dellamore-moscato-petalo-bottega;
https://vinatis.com/57399-cersius-blanc-sauvignon-2022-alma-cersius;
https://vinatis.com/53409-viognier-2020-bela-bela;
https://vinatis.com/59413-le-bal-des-papillons-2022-domaine-horgelus;
https://vinatis.com/65066-pinot-gris-2022-sophie-schaal;
https://vinatis.com/53409-viognier-2020-bela-bela;
https://vinatis.com/59413-le-bal-des-papillons-2022-domaine-horgelus;
https://vinatis.com/65066-pinot-gris-2022-sophie-schaal;
https://vinatis.com/53409-viognier-2020-bela-bela;
https://vinatis.com/60960-reserve-blanc-2022-perrin-et-fils;
https://vinatis.com/58264-pouilly-fume-2022-domaine-les-chaumes;
https://vinatis.com/59413-le-bal-des-papillons-2022-domaine-horgelus;
https://vinatis.com/59228-colombard-sauvignon-blanc-n3-2022-domaine-uby;
https://vinatis.com/63529-morillon-blanc-2022-by-jeff-carrel;
https://vinatis.com/60226-premieres-grives-2022-domaine-tariquet;
https://vinatis.com/59900-viognier-2022-les-jamelles;
https://vinatis.com/62135-grand-ardeche-2021-louis-latour;
https://vinatis.com/59231-gros-et-petit-manseng-doux-n4-2022-domaine-uby;
https://vinatis.com/60659-viognier-2022-flores;
https://vinatis.com/60960-reserve-blanc-2022-perrin-et-fils;
https://vinatis.com/58264-pouilly-fume-2022-domaine-les-chaumes;
https://vinatis.com/59413-le-bal-des-papillons-2022-domaine-horgelus;
https://vinatis.com/59228-colombard-sauvignon-blanc-n3-2022-domaine-uby;
https://vinatis.com/57187-chardonnay-parcelles-2022-rethore-davy;
https://vinatis.com/59231-gros-et-petit-manseng-doux-n4-2022-domaine-uby;
https://vinatis.com/60226-premieres-grives-2022-domaine-tariquet;
https://vinatis.com/52413-prosecco-extra-dry-bio-savian;
https://vinatis.com/62501-prosecco-asolo-superiore-bioldo-docg-extra-dry-bio-val-d-oca;
https://vinatis.com/57769-moscato-d-asti-2022-le-filere-vallebelbo;
https://vinatis.com/57914-sancerre-pente-de-maimbray-2022-domaine-de-st-romble;
https://vinatis.com/59224-uby-002-2022-domaine-uby;
https://vinatis.com/58054-le-pigeonnier-blanc-2022-cave-de-pazac;
https://vinatis.com/62120-bourgogne-aligote-2022-chateau-de-la-greffiere;
https://vinatis.com/60622-cote-mas-blanc-2022-domaines-paul-mas;
https://vinatis.com/57870-chardonnay-2022-el-grano;
https://vinatis.com/58707-cotes-du-rhone-blanc-2022-romain-duvernay;
https://vinatis.com/55618-picpoul-de-pinet-2021-cuvee-prestige-domaine-des-lauriers;
https://vinatis.com/59226-sauvignon-blanc-n1-2022-domaine-uby;
https://vinatis.com/57609-viognier-2022-domaine-de-montine;
https://vinatis.com/58411-sauvignon-2022-chateau-de-vallagon;
https://vinatis.com/47945-vieille-mule-blanc-2020-by-jeff-carrel;
https://vinatis.com/62503-valdobbiadene-prosecco-superiore-docg-extra-dry-millesimato-2022-val-d-oca;
https://vinatis.com/62530-sauvignon-blanc-reserve-2022-barton-guestier;
https://vinatis.com/20854-uby-cub-blanc-sec-5l;
https://vinatis.com/58455-chignin-coeur-de-combe-2022-cave-de-cruet;
https://vinatis.com/59210-quincy-2022-domaine-jm-sorbe;
https://vinatis.com/59324-chablis-vieilles-vignes-2022-closerie-des-alisiers;
https://vinatis.com/59885-viognier-2022-domaine-gayda;
https://vinatis.com/63685-chenin-blanc-2022-rondebosch;
https://vinatis.com/62940-saint-peray-nobles-rives-2022-cave-de-tain;
https://vinatis.com/53372-prosecco-extra-dry-bio-riccadonna;
https://vinatis.com/59213-le-petit-bourgeois-2022-famille-bourgeois;
https://vinatis.com/57342-flying-solo-blanc-2022-domaine-gayda;
https://vinatis.com/53409-viognier-2020-bela-bela;
https://vinatis.com/59413-le-bal-des-papillons-2022-domaine-horgelus;
https://vinatis.com/65066-pinot-gris-2022-sophie-schaal;
https://vinatis.com/53409-viognier-2020-bela-bela;
https://vinatis.com/59413-le-bal-des-papillons-2022-domaine-horgelus;
https://vinatis.com/65066-pinot-gris-2022-sophie-schaal;
https://vinatis.com/53409-viognier-2020-bela-bela;
https://vinatis.com/60960-reserve-blanc-2022-perrin-et-fils;
https://vinatis.com/58264-pouilly-fume-2022-domaine-les-chaumes;
https://vinatis.com/59413-le-bal-des-papillons-2022-domaine-horgelus;
https://vinatis.com/59228-colombard-sauvignon-blanc-n3-2022-domaine-uby;
https://vinatis.com/63529-morillon-blanc-2022-by-jeff-carrel;
https://vinatis.com/60226-premieres-grives-2022-domaine-tariquet;
https://vinatis.com/59900-viognier-2022-les-jamelles;
https://vinatis.com/62135-grand-ardeche-2021-louis-latour;
https://vinatis.com/59231-gros-et-petit-manseng-doux-n4-2022-domaine-uby;
https://vinatis.com/60659-viognier-2022-flores;
https://vinatis.com/60960-reserve-blanc-2022-perrin-et-fils;
https://vinatis.com/58264-pouilly-fume-2022-domaine-les-chaumes;
https://vinatis.com/59413-le-bal-des-papillons-2022-domaine-horgelus;
https://vinatis.com/59228-colombard-sauvignon-blanc-n3-2022-domaine-uby;
https://vinatis.com/58270-viognier-premiere-note-2022-cave-de-tain;
https://vinatis.com/58859-riesling-2020-les-princes-abbes-domaine-schlumberger;
https://vinatis.com/60236-bib-3l-premieres-grives-2022-domaine-tariquet;
https://vinatis.com/63863-cuvee-clemence-2022-cheval-quancard;
https://vinatis.com/51102-chablis-1er-cru-vau-de-vey-2018-jean-marc-brocard;
https://vinatis.com/56848-chardonnay-2022-flores;
https://vinatis.com/59751-la-font-blanche-2022-chateau-de-caraguilhes;
https://vinatis.com/54702-prosecco-frizzante-serena-1881;
https://vinatis.com/55752-vin-de-constance-2019-klein-constantia;
https://vinatis.com/55786-riesling-unplugged-2021-tesch;
https://vinatis.com/58230-saint-pourcain-blanc-l-instant-t-2022-les-terres-d-ocre;
https://vinatis.com/58399-blanc-symphonie-2022-domaine-jean-francois-roy;
https://vinatis.com/60289-les-dernieres-grives-2020-domaine-tariquet;
https://vinatis.com/56404-sauvignon-blanc-2022-cloudy-bay;
https://vinatis.com/50614-corton-charlemagne-grand-cru-2018-louis-latour;
https://vinatis.com/63598-viognier-2022-vignerons-du-mont-ventoux;
https://vinatis.com/44104-chateau-carbonnieux-2018-cru-classe-de-graves;
https://vinatis.com/44938-macon-la-roche-vineuse-2020-chateau-de-la-greffiere;
https://vinatis.com/62096-abymes-cuvee-gastronomie-2022-domaine-jean-perrier-fils;
https://vinatis.com/62651-entre-deux-mers-2022-chateau-turcaud;
https://vinatis.com/60488-chablis-1er-cru-montee-de-tonnerre-2021-domaine-de-vauroux;
https://vinatis.com/59471-reuilly-blanc-2022-domaine-jm-sorbe;
https://vinatis.com/60227-magnum-premieres-grives-2022-domaine-tariquet;
https://vinatis.com/59280-uby-bio-blanc-n21-2022-domaine-uby;
https://vinatis.com/59567-alvarinho-2021-quinta-da-lapa;
https://vinatis.com/54302-pinot-gris-2021-hubert-meyer;
https://vinatis.com/59143-chablis-1er-cru-2018-william-fevre;
https://vinatis.com/58285-pouilly-fume-tradition-2022-domaine-chollet-severin-et-gilles;
https://vinatis.com/59578-faune-2022-moulin-de-gassac;
https://vinatis.com/60380-chablis-bio-sainte-claire-2022-jean-marc-brocard;
https://vinatis.com/60228-rose-de-pressee-2022-domaine-tariquet;
https://vinatis.com/58999-clos-cibonne-cuvee-cibonne-tentations-2022;
https://vinatis.com/52117-pionniere-rose-2020-figuiere;
https://vinatis.com/60230-contradiction-2022-domaine-tariquet;
https://vinatis.com/58946-chateau-real-martin-perle-de-rose-2022;
https://vinatis.com/62531-grenache-syrah-rose-2022-barton-guestier;
https://vinatis.com/61924-pinot-noir-rose-2022-maison-castel;
https://vinatis.com/60143-mirabeau-etoile-rose-2022;
https://vinatis.com/58806-terra-nostra-rose-2022;
https://vinatis.com/11498-cremant-de-loire-rose-domaine-langlois-chateau;
https://vinatis.com/58646-la-bargemone-rose-2022-commanderie-de-la-bargemone;
https://vinatis.com/58823-byott-2022-selections-ott;
https://vinatis.com/58705-villa-des-anges-rose-2022-jeff-carrel;
https://vinatis.com/58194-sainte-croix-rose-2022;
https://vinatis.com/59780-105-rose-2022-la-folie-safranier;
https://vinatis.com/58197-chateau-sainte-croix-rose-charmeur-2022;
https://vinatis.com/57781-dune-gris-2022;
https://vinatis.com/57776-les-pieds-dans-l-eau-2022-alma-cersius;
https://vinatis.com/59281-uby-bio-rose-n26-2022-domaine-uby;
https://vinatis.com/58123-petit-pont-rose-reserve-2022-domaines-robert-vic-preignes-le-vieux;
https://vinatis.com/58759-les-petits-diables-2022-mip-domaine-des-diables;
https://vinatis.com/58723-le-sens-du-vent-rose-2022-flores;
https://vinatis.com/58814-gourmandise-2022-maitres-vignerons-de-la-presqu-ile-de-saint-tropez;
https://vinatis.com/58749-miraval-rose-2022;
https://vinatis.com/41456-cremant-de-bourgogne-rose-perle-d-aurore-louis-bouillot;
https://vinatis.com/44607-plaisir-rose-maitres-vignerons-de-vidauban;
https://vinatis.com/60644-360-de-cavalier-2022;
https://vinatis.com/58594-rose-argali-2022-puech-haut;
https://vinatis.com/58627-chateau-minuty-cuvee-281-2022;
https://vinatis.com/58888-l-ete-gascon-rose-2022-domaine-pellehaut;
https://vinatis.com/58786-collection-unique-edition-speciale-rose-2022-domaine-uby;
https://vinatis.com/58765-mip-classic-2022-domaine-des-diables;
https://vinatis.com/59025-miraflors-2022-domaine-lafage;
https://vinatis.com/61925-jalade-rose-2022-domaine-de-la-clapiere;
https://vinatis.com/58815-c-est-trop-2022-les-maitres-vignerons-de-la-presqu-ile-de-saint-tropez;
https://vinatis.com/58624-m-de-minuty-rose-2022;
https://vinatis.com/62521-prosecco-rose-extra-dry-millesimato-2022-val-d-oca;
https://vinatis.com/59223-uby-rose-n6-2022-domaine-uby;
https://vinatis.com/58617-chateau-minuty-rose-or-2022;
https://vinatis.com/58620-minuty-prestige-rose-2022;
https://vinatis.com/57987-gris-blanc-2022-gerard-bertrand;
https://vinatis.com/58604-studio-by-miraval-2022;
https://vinatis.com/60422-la-reserve-rose-2022-chateau-de-bregancon-cru-classe;
https://vinatis.com/24067-lambrusco-reggiano-rose-doux-quercioli-medici-ermete;
https://vinatis.com/58763-hydropathe-elite-2022-mip-domaine-des-diables;
https://vinatis.com/58764-made-in-provence-collection-rose-2022-mip-domaine-des-diables;
https://vinatis.com/58826-domaines-ott-chateau-romassan-2022;
https://vinatis.com/60274-patrimonio-e-croce-rose-2022-domaine-yves-leccia;
https://vinatis.com/17282-uby-cub-rose-5l-domaine-uby;
https://vinatis.com/62958-domaine-la-bastide-blanche-bandol-rose-2022;
https://vinatis.com/59516-magnum-rose-argali-2022-puech-haut;
https://vinatis.com/58772-maison-sainte-marguerite-symphonie-rose-2022;
https://vinatis.com/57053-tavel-2021-chateau-d-aqueria;
https://vinatis.com/60854-grand-ferrage-2022-cuvee-orsuro-mathilde-chapoutier-selection;
https://vinatis.com/31850-cubi-3l-bib-art-rose-le-benjamin-de-puech-haut;
https://vinatis.com/58919-le-clos-peyrassol-rose-2022;
https://vinatis.com/58949-harmonie-de-gascogne-rose-2022-domaine-pellehaut;
https://vinatis.com/58762-rose-bon-bon-2022-mip-domaine-des-diables;
https://vinatis.com/58938-whispering-angel-2022-caves-d-esclans;
https://vinatis.com/20586-domaine-casanova-gris-rose;
https://vinatis.com/42778-prosecco-rose-brut-villa-arfanta;
https://vinatis.com/44659-cremant-d-alsace-brut-rose-bestheim;
https://vinatis.com/61881-bandol-rose-2022-domaine-de-fregate;
https://vinatis.com/60558-mouton-cadet-bio-rose-x-mathilde-2022-baron-philippe-de-rothschild;
https://vinatis.com/60647-cuvee-marafiance-2022-chateau-cavalier;
https://vinatis.com/55340-prosecco-rose-millesimato-extra-dry-bio-2021-savian;
https://vinatis.com/60098-cabernet-d-anjou-loire-originelle-2022-dumnacus-vignerons;
https://vinatis.com/58751-miraval-demi-bouteille-rose-2022;
https://vinatis.com/58773-maison-sainte-marguerite-magnum-symphonie-rose-2022;
https://vinatis.com/58802-love-by-leoube-rose-2022;
https://vinatis.com/58825-domaines-ott-chateau-de-selle-2022;
https://vinatis.com/60430-cotes-du-rhone-rose-2022-e-guigal;
https://vinatis.com/60501-cabernet-d-anjou-champ-d-oiseaux-2022-domaine-des-trottieres;
https://vinatis.com/62471-domaine-la-suffrene-tradition-rose-2022;
https://vinatis.com/57805-moment-de-plaisir-2022-jm-aujoux;
https://vinatis.com/58775-chateau-sainte-marguerite-fantastique-rose-2022-cru-classe;
https://vinatis.com/58804-chateau-leoube-secret-de-leoube-2022;
https://vinatis.com/59300-bordeaux-clairet-2022-chateau-turcaud;
https://vinatis.com/60005-eole-rose-2022-domaine-d-eole;
https://vinatis.com/59842-fulcrand-cabanon-2022-cave-de-l-estabel;
https://vinatis.com/15952-cerdon-rose-methode-ancestrale-bernard-rondeau;
https://vinatis.com/23964-bib-5l-moulin-de-la-roque-la-source-cotes-de-provence;
https://vinatis.com/63199-6-bouteilles-miraval-rose-2022-achetees-61-1-seau-miraval-offert;
https://vinatis.com/62548-tavel-2022-e-guigal;
https://vinatis.com/60356-rose-bio-2022-naterra;
https://vinatis.com/59517-jeroboam-rose-argali-2022-puech-haut;
https://vinatis.com/59877-up-rose-2022-ultimate-provence;
https://vinatis.com/60057-corail-2022-chateau-de-roquefort;
https://vinatis.com/58753-miraval-magnum-rose-2022;
https://vinatis.com/58872-eros-2022-domaine-de-joy;
https://vinatis.com/58874-clos-cibonne-cuvee-des-vignettes-2021-cru-classe;
https://vinatis.com/55890-cremant-rose-domaine-allimant-laugner;
https://vinatis.com/54264-annick-bubbly-rosato-annick-ethic-drinks;
https://vinatis.com/44336-prosecco-rose-millesimato-brut-2021-fiol;
https://vinatis.com/58603-studio-by-miraval-magnum-2022;
https://vinatis.com/58649-cuvee-collection-rose-2022-commanderie-de-la-bargemone;
https://vinatis.com/58803-chateau-leoube-rose-de-leoube-2022;
https://vinatis.com/58890-bandol-les-adrets-rose-2022-moulin-de-la-roque;
https://vinatis.com/59078-chateau-sainte-marguerite-magnum-fantastique-rose-2022-cru-classe;
https://vinatis.com/58818-bib-3l-c-est-trop-2022-les-maitres-vignerons-de-la-presqu-ile-de-saint-tropez;
https://vinatis.com/59278-la-vieille-ferme-rose-2022;
https://vinatis.com/32941-cremant-de-bourgogne-brut-rose-maison-simonnet-febvre;
https://vinatis.com/60125-domaine-de-l-ile-porquerolles-rose-2022;
https://vinatis.com/59574-bib-3l-gris-marin-2022;
https://vinatis.com/60358-bib-3l-rose-bio-naterra-2022;
https://vinatis.com/61030-sainte-victoire-grand-ferrage-2022-cuvee-aurisso-mathilde-chapoutier-selection;
https://vinatis.com/63156-tourmaline-rose-2022-barton-guestier;
https://vinatis.com/63938-pack-6-bouteilles-fantastique-rose-2022-1-magnum-fantastique-2022-offert;
https://vinatis.com/38442-la-triple-rose-domaine-lafage;
https://vinatis.com/46403-domaine-de-la-begude-l-irreductible-rose-2020;
https://vinatis.com/2500-frv100-jean-paul-brun;
https://vinatis.com/58886-roubertas-2022-maitres-vignerons-de-vidauban;
https://vinatis.com/54376-les-clans-2021-chateau-d-esclans;
https://vinatis.com/16152-pack-100-meilleures-ventes-roses;
https://vinatis.com/24415-domaine-ramatuelle-le-p-tit-ramatuelle;
https://vinatis.com/60514-agneau-selection-bordeaux-rose-2022-baron-philippe-de-rothschild;
https://vinatis.com/56566-cerdon-rose-les-signols-methode-ancestrale-demi-sec-dubreuil-fils;
https://vinatis.com/59485-les-terrasses-rose-2022-chateau-pesquie;
https://vinatis.com/59654-vina-real-rosado-2022-cvne;
https://vinatis.com/58754-miraval-jeroboam-rose-2022;
https://vinatis.com/61904-cotes-du-rhone-sainte-cecile-bio-2021-les-jarlotiers;
https://vinatis.com/59904-rioja-reserva-licenciado-2018-bodegas-burgo-viejo;
https://vinatis.com/57419-villa-des-anges-reserve-2021-jeff-carrel;
https://vinatis.com/61101-les-darons-2022-by-jeff-carrel;
https://vinatis.com/63000-lupo-meraviglia-tre-di-tre-2022-botter;
https://vinatis.com/62818-triplico-multiplo-2022-botter;
https://vinatis.com/63834-grenache-under-my-skin-2021-by-jeff-carrel;
https://vinatis.com/55314-chateau-pierron-2019;
https://vinatis.com/62879-mourvedre-2021-les-jamelles;
https://vinatis.com/59432-comte-des-clos-2021;
https://vinatis.com/29469-cotes-du-rhone-richette-2016-patrick-lesec;
https://vinatis.com/54014-cinquenoci-primitivo-2021-tagaro;
https://vinatis.com/62570-cotes-du-rhone-2020-e-guigal;
https://vinatis.com/27367-arcane-xix-le-soleil-2015-xavier-vignon;
https://vinatis.com/56828-igp-vaucluse-rouge-xavier-vignon;
https://vinatis.com/57574-ylirum-2021-vega-demara;
https://vinatis.com/63274-cotes-du-rhone-2020-xavier-vignon;
https://vinatis.com/51215-primitivo-2021-caleo;
https://vinatis.com/55936-mouton-cadet-2020-90eme-anniversaire-baron-philippe-de-rothschild;
https://vinatis.com/45588-chateau-briot-2016;
https://vinatis.com/61904-cotes-du-rhone-sainte-cecile-bio-2021-les-jarlotiers;
https://vinatis.com/59904-rioja-reserva-licenciado-2018-bodegas-burgo-viejo;
https://vinatis.com/57419-villa-des-anges-reserve-2021-jeff-carrel;
https://vinatis.com/61101-les-darons-2022-by-jeff-carrel;
https://vinatis.com/38222-chateau-sansonnet-2018;
https://vinatis.com/60679-chateau-moulin-bellegrave-2020;
https://vinatis.com/60636-chateau-malbec-2020;
https://vinatis.com/62340-chateau-montlabert-2019;
https://vinatis.com/44495-demi-bouteille-chateau-dauzac-2019;
https://vinatis.com/60354-domaine-de-l-ecrivain-2019;
https://vinatis.com/63275-wine-pouch-planete-rouge-2020;
https://vinatis.com/56113-chateau-pradeaux-rouge-2018;
https://vinatis.com/45190-domaine-virginie-thunevin-2018;
https://vinatis.com/31893-cuvee-sm-2-xavier-vignon;
https://vinatis.com/58748-les-tours-de-laroque-2019-second-vin-du-chateau-laroque;
https://vinatis.com/54443-grande-cuvee-2018-domaine-des-feraud;
https://vinatis.com/57419-villa-des-anges-reserve-2021-jeff-carrel;
https://vinatis.com/62818-triplico-multiplo-2022-botter;
https://vinatis.com/55314-chateau-pierron-2019;
https://vinatis.com/61904-cotes-du-rhone-sainte-cecile-bio-2021-les-jarlotiers;
https://vinatis.com/54014-cinquenoci-primitivo-2021-tagaro;
https://vinatis.com/56828-igp-vaucluse-rouge-xavier-vignon;
https://vinatis.com/45408-cotes-du-rhone-vieilles-vignes-2019-maison-francois-xavier-nicolas;
https://vinatis.com/50970-chateau-villemaurine-2019;
https://vinatis.com/57523-cuvee-laujac-2016-chateau-martin;
https://vinatis.com/57574-ylirum-2021-vega-demara;
https://vinatis.com/63834-grenache-under-my-skin-2021-by-jeff-carrel;
https://vinatis.com/61074-cuvee-constance-2019-thunevin-calvet;
https://vinatis.com/61101-les-darons-2022-by-jeff-carrel;
https://vinatis.com/60633-les-barricailleurs-rouge-2020;
https://vinatis.com/61066-petit-pont-rouge-reserve-pays-d-oc-2022-domaines-robert-vic;
https://vinatis.com/61906-grande-reserve-syrah-2021-maison-castel;
https://vinatis.com/59856-garnacha-old-vine-organic-2021-bodegas-burgo-viejo;
https://vinatis.com/55632-montagne-noire-2021-chateau-auzias;
https://vinatis.com/61904-cotes-du-rhone-sainte-cecile-bio-2021-les-jarlotiers;
https://vinatis.com/59904-rioja-reserva-licenciado-2018-bodegas-burgo-viejo;
https://vinatis.com/57419-villa-des-anges-reserve-2021-jeff-carrel;
https://vinatis.com/61101-les-darons-2022-by-jeff-carrel;
https://vinatis.com/63000-lupo-meraviglia-tre-di-tre-2022-botter;
https://vinatis.com/62818-triplico-multiplo-2022-botter;
https://vinatis.com/63834-grenache-under-my-skin-2021-by-jeff-carrel;
https://vinatis.com/55314-chateau-pierron-2019;
https://vinatis.com/62879-mourvedre-2021-les-jamelles;
https://vinatis.com/59432-comte-des-clos-2021;
https://vinatis.com/29469-cotes-du-rhone-richette-2016-patrick-lesec;
https://vinatis.com/54014-cinquenoci-primitivo-2021-tagaro;
https://vinatis.com/62570-cotes-du-rhone-2020-e-guigal;
https://vinatis.com/27367-arcane-xix-le-soleil-2015-xavier-vignon;
https://vinatis.com/56828-igp-vaucluse-rouge-xavier-vignon;
https://vinatis.com/57574-ylirum-2021-vega-demara;
https://vinatis.com/63274-cotes-du-rhone-2020-xavier-vignon;
https://vinatis.com/51215-primitivo-2021-caleo;
https://vinatis.com/55936-mouton-cadet-2020-90eme-anniversaire-baron-philippe-de-rothschild;
https://vinatis.com/45588-chateau-briot-2016;
https://vinatis.com/61904-cotes-du-rhone-sainte-cecile-bio-2021-les-jarlotiers;
https://vinatis.com/59904-rioja-reserva-licenciado-2018-bodegas-burgo-viejo;
https://vinatis.com/57419-villa-des-anges-reserve-2021-jeff-carrel;
https://vinatis.com/61101-les-darons-2022-by-jeff-carrel;
https://vinatis.com/50860-rioja-crianza-2019-bodegas-burgo-viejo;
https://vinatis.com/51707-la-cite-des-vents-languedoc-2019-chateau-auzias;
https://vinatis.com/62417-pinot-noir-reserve-2022-barton-guestier;
https://vinatis.com/63000-lupo-meraviglia-tre-di-tre-2022-botter;
https://vinatis.com/60100-chateau-grand-pontet-2019;
https://vinatis.com/58739-morgon-les-clochers-2022-vignerons-de-bel-air;
https://vinatis.com/52838-le-triporteur-rouge-2020;
https://vinatis.com/45588-chateau-briot-2016;
https://vinatis.com/60641-chateau-d-arcins-2019-cru-bourgeois;
https://vinatis.com/60919-pinataro-primitivo-2022-tagaro;
https://vinatis.com/58151-otre-primitivo-2020-cantine-teanum;
https://vinatis.com/60552-sangiovese-2022-nativo;
https://vinatis.com/61901-sapristi-rouge-2021-bio;
https://vinatis.com/63736-phi-ling-2021-domaine-horgelus;
https://vinatis.com/57171-mouton-cadet-heritage-2019-baron-philippe-de-rothschild;
https://vinatis.com/57537-senonien-2021-saumur-champigny-la-seigneurie;
https://vinatis.com/59102-bastide-miraflors-2020-domaine-lafage;
https://vinatis.com/47890-minervois-vieilles-vignes-2019-chateau-de-beaufort;
https://vinatis.com/39057-penamonte-toro-2016-bodegas-riojanas;
https://vinatis.com/62954-cuvee-16-limited-edition-2021-botter;
https://vinatis.com/59790-syrah-2021-les-jamelles;
https://vinatis.com/58168-la-tire-2022-by-jeff-carrel;
https://vinatis.com/55533-chateau-la-croix-de-beaugas-2021;
https://vinatis.com/59904-rioja-reserva-licenciado-2018-bodegas-burgo-viejo;
https://vinatis.com/59492-valpolicella-classico-2022-speri;
https://vinatis.com/60332-el-chaval-2022-bodegas-nodus;
https://vinatis.com/42740-lirac-2019-xavier-vignon;
https://vinatis.com/58087-le-fiston-2021-by-jeff-carrel;
https://vinatis.com/58747-vina-real-crianza-2019-cvne;
https://vinatis.com/53214-saint-joseph-nobles-rives-2020-cave-de-tain;
https://vinatis.com/61904-cotes-du-rhone-sainte-cecile-bio-2021-les-jarlotiers;
https://vinatis.com/59904-rioja-reserva-licenciado-2018-bodegas-burgo-viejo;
https://vinatis.com/57419-villa-des-anges-reserve-2021-jeff-carrel;
https://vinatis.com/61101-les-darons-2022-by-jeff-carrel;
https://vinatis.com/63000-lupo-meraviglia-tre-di-tre-2022-botter;
https://vinatis.com/62818-triplico-multiplo-2022-botter;
https://vinatis.com/63834-grenache-under-my-skin-2021-by-jeff-carrel;
https://vinatis.com/55314-chateau-pierron-2019;
https://vinatis.com/62879-mourvedre-2021-les-jamelles;
https://vinatis.com/59432-comte-des-clos-2021;
https://vinatis.com/29469-cotes-du-rhone-richette-2016-patrick-lesec;
https://vinatis.com/54014-cinquenoci-primitivo-2021-tagaro;
https://vinatis.com/62570-cotes-du-rhone-2020-e-guigal;
https://vinatis.com/27367-arcane-xix-le-soleil-2015-xavier-vignon;
https://vinatis.com/56828-igp-vaucluse-rouge-xavier-vignon;
https://vinatis.com/57574-ylirum-2021-vega-demara;
https://vinatis.com/63274-cotes-du-rhone-2020-xavier-vignon;
https://vinatis.com/51215-primitivo-2021-caleo;
https://vinatis.com/55936-mouton-cadet-2020-90eme-anniversaire-baron-philippe-de-rothschild;
https://vinatis.com/45588-chateau-briot-2016;
https://vinatis.com/61904-cotes-du-rhone-sainte-cecile-bio-2021-les-jarlotiers;
https://vinatis.com/59904-rioja-reserva-licenciado-2018-bodegas-burgo-viejo;
https://vinatis.com/57419-villa-des-anges-reserve-2021-jeff-carrel;
https://vinatis.com/61101-les-darons-2022-by-jeff-carrel;
https://vinatis.com/57266-ventoux-bio-le-vieux-clocher-2020-maison-arnoux-fils;
https://vinatis.com/58027-vigne-lourac-merlot-prestige-2021-vignobles-alain-gayrel;
https://vinatis.com/63331-grenache-2022-les-jamelles;
https://vinatis.com/63539-chateau-du-barrailh-2020;
https://vinatis.com/44868-rasteau-prestige-talisman-2018-romain-duvernay;
https://vinatis.com/62912-negroamaro-2022-caleo;
https://vinatis.com/56993-col-de-lairole-2021-cave-de-roquebrun;
https://vinatis.com/58118-cow-malbec-2022-tussock-jumper;
https://vinatis.com/60638-chateau-du-lort-2020;
https://vinatis.com/52548-gigondas-le-vieux-clocher-2019-maison-arnoux-fils;
https://vinatis.com/57189-la-terre-du-milieu-2020-chateau-graulet;
https://vinatis.com/58039-chateau-merigot-2019;
https://vinatis.com/59432-comte-des-clos-2021;
https://vinatis.com/27367-arcane-xix-le-soleil-2015-xavier-vignon;
https://vinatis.com/29469-cotes-du-rhone-richette-2016-patrick-lesec;
https://vinatis.com/51300-agneau-selection-bordeaux-rouge-2020-baron-philippe-de-rothschild;
https://vinatis.com/61049-bad-angel-cabernet-sauvignon-2022-vignobles-vellas;
https://vinatis.com/57988-bourgueil-cuvee-vieilles-vignes-2020-domaine-olivier;
https://vinatis.com/50644-saint-joseph-amarante-2020-romain-duvernay;
https://vinatis.com/50783-coteaux-bourguignons-la-grande-cadole-2021-vignerons-de-bel-air;
https://vinatis.com/51211-primitivo-wrap-organic-2021-uccellini;
https://vinatis.com/51608-languedoc-2021-mathilde-chapoutier-selection;
https://vinatis.com/62676-hautes-cotes-de-nuits-2021-maison-patriarche;
https://vinatis.com/56344-chinon-loire-originelle-2021-dumnacus-vignerons;
https://vinatis.com/57908-la-remontada-2020-jeff-carrel;
https://vinatis.com/56740-villeclary-2020-lauran-cabaret;
https://vinatis.com/59079-occultum-lapidem-2019-domaine-de-bila-haut;
https://vinatis.com/51848-chateau-la-raze-beauvallet-2016-cru-bourgeois;
https://vinatis.com/56161-saint-joseph-meribets-2021-domaine-vallet;
https://vinatis.com/58083-vina-ardanza-reserva-2016-la-rioja-alta;
https://vinatis.com/61904-cotes-du-rhone-sainte-cecile-bio-2021-les-jarlotiers;
https://vinatis.com/59904-rioja-reserva-licenciado-2018-bodegas-burgo-viejo;
https://vinatis.com/57419-villa-des-anges-reserve-2021-jeff-carrel;
https://vinatis.com/61101-les-darons-2022-by-jeff-carrel;
https://vinatis.com/63000-lupo-meraviglia-tre-di-tre-2022-botter;
https://vinatis.com/62818-triplico-multiplo-2022-botter;
https://vinatis.com/63834-grenache-under-my-skin-2021-by-jeff-carrel;
https://vinatis.com/55314-chateau-pierron-2019;
https://vinatis.com/62879-mourvedre-2021-les-jamelles;
https://vinatis.com/59432-comte-des-clos-2021;
https://vinatis.com/29469-cotes-du-rhone-richette-2016-patrick-lesec;
https://vinatis.com/54014-cinquenoci-primitivo-2021-tagaro;
https://vinatis.com/62570-cotes-du-rhone-2020-e-guigal;
https://vinatis.com/27367-arcane-xix-le-soleil-2015-xavier-vignon;
https://vinatis.com/56828-igp-vaucluse-rouge-xavier-vignon;
https://vinatis.com/57574-ylirum-2021-vega-demara;
https://vinatis.com/63274-cotes-du-rhone-2020-xavier-vignon;
https://vinatis.com/51215-primitivo-2021-caleo;
https://vinatis.com/55936-mouton-cadet-2020-90eme-anniversaire-baron-philippe-de-rothschild;
https://vinatis.com/45588-chateau-briot-2016;
https://vinatis.com/61904-cotes-du-rhone-sainte-cecile-bio-2021-les-jarlotiers;
https://vinatis.com/59904-rioja-reserva-licenciado-2018-bodegas-burgo-viejo;
https://vinatis.com/57419-villa-des-anges-reserve-2021-jeff-carrel;
https://vinatis.com/61101-les-darons-2022-by-jeff-carrel;
https://vinatis.com/59161-l-artisan-le-grenache-noir-2021-domaines-paul-mas;
https://vinatis.com/58858-cotes-du-rhone-bio-adunatio-2021-m-chapoutier;
https://vinatis.com/54512-chateau-puy-d-amour-coup-de-foudre-2021;
https://vinatis.com/60603-minimalist-2022-sans-sulfites-ajoutes-les-jamelles;
https://vinatis.com/41882-cotes-du-rhone-les-bories-2019-romain-duvernay;
https://vinatis.com/46565-seicaselle-negroamaro-2020-tagaro;
https://vinatis.com/56977-chateau-durfort-2021-cellier-des-demoiselles;
https://vinatis.com/59825-guilhem-rouge-bio-2022-moulin-de-gassac;
https://vinatis.com/49859-chateau-vieux-planty-2018;
https://vinatis.com/63756-syrah-2022-cellier-des-gorges-de-l-ardeche;
https://vinatis.com/39580-chateau-d-aiguilhe-querre-2016;
https://vinatis.com/59559-koala-shiraz-2021-tussock-jumper;
https://vinatis.com/56971-carmenere-2021-el-grano;
https://vinatis.com/53894-hecula-2020-bodegas-castano;
https://vinatis.com/58328-chateau-la-graviere-2019;
https://vinatis.com/57661-bourgogne-pinot-noir-sieur-aubry-2021-domaine-du-mont-verrier;
https://vinatis.com/63540-chateau-des-gravieres-2020;
https://vinatis.com/48172-chateau-de-roques-2018;
https://vinatis.com/51215-primitivo-2021-caleo;
https://vinatis.com/58538-chateau-fleur-haut-gaussens-2019;
https://vinatis.com/60008-hautes-cotes-de-beaune-2022-les-belles-roches-aegerter-pere-et-fils;
https://vinatis.com/53185-cabernet-sauvignon-2020-domaine-la-haute-brande;
https://vinatis.com/53549-domaine-des-vals-premium-2021-cellier-des-demoiselles;
https://vinatis.com/55217-bourgogne-hautes-cotes-de-beaune-la-couleuvraire-2019-parcelles-cie-nuiton-beaunoy;
https://vinatis.com/49743-vieille-mule-rouge-2020-by-jeff-carrel;
https://vinatis.com/52806-montepulciano-d-abruzzo-riserva-2019-antico-blasone;
https://vinatis.com/61913-jardin-de-jules-2021-domaine-de-la-clapiere;
https://vinatis.com/60561-baron-nathaniel-2018-baron-philippe-de-rothschild;
https://vinatis.com/60235-secret-de-louis-2020;
https://vinatis.com/54485-gourgoules-2021-chateau-de-caraguilhes